{
    "metadata":{
        "generator":"io_three",
        "version":3,
        "type":"Geometry",
        "faces":11,
        "vertices":16,
        "normals":11
    },
    "faces":[33,0,1,3,2,0,0,0,0,33,2,3,5,4,1,1,1,1,33,3,1,7,5,2,2,2,2,33,4,5,7,6,3,3,3,3,33,1,0,6,7,4,4,4,4,33,8,9,10,11,5,5,5,5,33,12,15,14,13,6,6,6,6,33,8,12,13,9,7,7,7,7,33,9,13,14,10,8,8,8,8,33,10,14,15,11,9,9,9,9,33,12,8,11,15,10,10,10,10],
    "vertices":[0,0.5,1.25,0,1,2.75,0.5,6.55671e-08,1.25,1,4.37114e-08,2.75,-4.37114e-08,-0.5,1.25,-8.74228e-08,-1,2.75,-0.5,9.33852e-08,1.25,-1,9.93477e-08,2.75,1,-1,-1.5,1,-1,1.5,-1,-1,1.5,-1,-1,-1.5,1,1,-1.5,0.999999,1,1.5,-1,1,1.5,-1,1,-1.5],
    "normals":[0.688247,0.688247,-0.229416,0.688247,-0.688247,-0.229416,-0,0,1,-0.688247,-0.688247,-0.229416,-0.688247,0.688247,-0.229416,-1.42109e-14,-1,5.96046e-08,3.31587e-14,1,-5.96047e-08,1,4.47034e-08,1.88748e-07,-4.17233e-07,-1.78814e-07,1,-1,-1.3411e-07,-1.49012e-07,3.57628e-07,3.57628e-07,-1]
}