{
    "metadata":{
        "generator":"io_three",
        "normal":62,
        "version":3,
        "position":62,
        "type":"BufferGeometry"
    },
    "data":{
        "attributes":{
            "normal":{
                "array":[0.688247,0.688247,-0.229416,0.688247,0.688247,-0.229416,0.688247,0.688247,-0.229416,0.688247,-0.688247,-0.229416,0.688247,-0.688247,-0.229416,0.688247,-0.688247,-0.229416,0,-0,1,0,-0,1,0,-0,1,-0.688247,-0.688247,-0.229416,-0.688247,-0.688247,-0.229416,-0.688247,-0.688247,-0.229416,-0.688247,0.688247,-0.229416,-0.688247,0.688247,-0.229416,-0.688247,0.688247,-0.229416,-1.89478e-14,-1,5.96046e-08,-1.89478e-14,-1,5.96046e-08,-1.89478e-14,-1,5.96046e-08,4.26326e-14,1,-5.96046e-08,4.26326e-14,1,-5.96046e-08,4.26326e-14,1,-5.96046e-08,1,-2.38419e-07,1.42109e-14,1,-2.38419e-07,1.42109e-14,1,-2.38419e-07,1.42109e-14,-1.19209e-07,-4.76837e-07,1,-1.19209e-07,-4.76837e-07,1,-1.19209e-07,-4.76837e-07,1,-1,-1.49012e-07,-1.58946e-07,-1,-1.49012e-07,-1.58946e-07,-1,-1.49012e-07,-1.58946e-07,4.76837e-07,4.76837e-07,-1,4.76837e-07,4.76837e-07,-1,4.76837e-07,4.76837e-07,-1,0.688247,0.688247,-0.229416,0.688247,0.688247,-0.229416,0.688247,0.688247,-0.229416,0.688247,-0.688247,-0.229416,0.688247,-0.688247,-0.229416,0.688247,-0.688247,-0.229416,0,-0,1,-0.688247,-0.688247,-0.229416,-0.688247,0.688247,-0.229416,-0.688247,0.688247,-0.229416,-0.688247,0.688247,-0.229416,-7.10543e-15,-1,5.96046e-08,-7.10543e-15,-1,5.96046e-08,-7.10543e-15,-1,5.96046e-08,2.84217e-14,1,-5.96047e-08,2.84217e-14,1,-5.96047e-08,2.84217e-14,1,-5.96047e-08,1,3.27825e-07,3.77496e-07,1,3.27825e-07,3.77496e-07,1,3.27825e-07,3.77496e-07,-7.15256e-07,1.19209e-07,1,-7.15256e-07,1.19209e-07,1,-7.15256e-07,1.19209e-07,1,-1,-1.19209e-07,-1.39078e-07,-1,-1.19209e-07,-1.39078e-07,-1,-1.19209e-07,-1.39078e-07,2.38419e-07,2.38419e-07,-1,2.38419e-07,2.38419e-07,-1,2.38419e-07,2.38419e-07,-1],
                "itemSize":3,
                "type":"Float32Array"
            },
            "position":{
                "array":[0,1,2.75,0.5,6.55671e-08,1.25,0,0.5,1.25,1,4.37114e-08,2.75,-4.37114e-08,-0.5,1.25,0.5,6.55671e-08,1.25,0,1,2.75,-8.74228e-08,-1,2.75,1,4.37114e-08,2.75,-8.74228e-08,-1,2.75,-0.5,9.33852e-08,1.25,-4.37114e-08,-0.5,1.25,-1,9.93477e-08,2.75,0,0.5,1.25,-0.5,9.33852e-08,1.25,1,-1,-1.5,-1,-1,1.5,-1,-1,-1.5,1,1,-1.5,-1,1,1.5,0.999999,1,1.5,1,1,-1.5,1,-1,1.5,1,-1,-1.5,0.999999,1,1.5,-1,-1,1.5,1,-1,1.5,-1,-1,1.5,-1,1,-1.5,-1,-1,-1.5,1,-1,-1.5,-1,1,-1.5,1,1,-1.5,0,1,2.75,1,4.37114e-08,2.75,0.5,6.55671e-08,1.25,1,4.37114e-08,2.75,-8.74228e-08,-1,2.75,-4.37114e-08,-0.5,1.25,-1,9.93477e-08,2.75,-1,9.93477e-08,2.75,-1,9.93477e-08,2.75,0,1,2.75,0,0.5,1.25,1,-1,-1.5,1,-1,1.5,-1,-1,1.5,1,1,-1.5,-1,1,-1.5,-1,1,1.5,1,1,-1.5,0.999999,1,1.5,1,-1,1.5,0.999999,1,1.5,-1,1,1.5,-1,-1,1.5,-1,-1,1.5,-1,1,1.5,-1,1,-1.5,1,-1,-1.5,-1,-1,-1.5,-1,1,-1.5],
                "itemSize":3,
                "type":"Float32Array"
            }
        },
        "index":{
            "array":[0,1,2,3,4,5,6,7,8,9,10,11,12,13,14,15,16,17,18,19,20,21,22,23,24,25,26,27,28,29,30,31,32,33,34,35,36,37,38,6,39,7,9,40,10,41,42,43,44,45,46,47,48,49,50,51,52,53,54,55,56,57,58,59,60,61],
            "itemSize":1,
            "type":"Uint16Array"
        }
    }
}